name,variety,season,spacing,notes,days_to_maturity,sow_depth,when_to_sow,days_to_emerge,seed_spacing,row_spacing,thinning
Tomato,Ace 55,Warm,24,Determinate bush; disease resistant; great slicer,80,0.25,After last frost,7,24,36,No
Sprouts,Alfalfa,Cool,0,Grow in jar or sprouter; ready in days,4,0,Indoor sprouting year-round,2,0,0,No
Parsnip,All American,Cool,4,Sweet flavor after frost; deep loose soil,120,0.5,Early spring direct sow,14,1,18,4 inches
Corn (Sweet),Ambrosia,Warm,10,Bicolor supersweet; tender kernels,75,1.5,After last frost,7,10,30,No
Rutabaga,American Purple Top,Cool,6,Sweet nutty flavor; cold hardy,90,0.5,Mid to late summer,7,1,18,6 inches
Pepper (Chile),Ancho/Poblano,Warm,18,Mild heat; great for stuffing and drying,75,0.25,Start indoors 8 weeks before last frost,14,18,24,No
Squash (Winter),Angel Hair Spaghetti,Warm,36,Fine spaghetti-like strands; compact fruit,88,1,After last frost,7,36,72,No
Baby Greens,Apple Blossom Swiss Chard Blend,Cool,2,Colorful chard blend; harvest young,25,0.5,Early spring or fall,7,2,12,No
Cucumber,Armenian,Warm,36,Long ribbed fruit; mild flavor; heat tolerant,60,1,After last frost,7,36,60,No
Tomato (Cherry),Artisan Bumble Bee Blend,Warm,24,Indeterminate pole; striped cherry blend,70,0.25,Start indoors 6-8 weeks before last frost,7,24,36,No
Baby Greens,Arugula,Cool,2,Peppery flavor; quick growing,21,0.25,Early spring or fall,5,2,12,No
Arugula,Rocket,Cool,6,Classic peppery salad green,40,0.25,Early spring or fall,5,1,12,6 inches
Arugula,Wild Rocket,Cool,6,Perennial type; intense peppery flavor,50,0.25,Early spring or fall,7,1,12,6 inches
Broccoli,Aspabroc Broccolini,Cool,12,Long tender stems; mild broccoli flavor,60,0.5,Start indoors or direct sow spring/fall,7,12,18,No
Arugula,Astro,Cool,6,Mild flavor; slow to bolt,40,0.25,Early spring or fall,5,1,12,6 inches
Pumpkin,Atlantic Giant,Warm,120,Competition giant; can exceed 500 lbs,120,1,After last frost,7,120,120,No
Carrot,Atomic Red,Cool,2,Bright red color; high lycopene,75,0.25,Early spring or fall,14,1,12,2 inches
Lettuce,Australe Butterhead,Cool,10,Heat tolerant butterhead; tender leaves,55,0.125,Early spring or fall,7,10,12,No
Bok Choy,Baby Choi,Cool,6,Compact baby bok choy; mild flavor,30,0.25,Early spring or fall,5,6,12,No
Sprouts,Bean Mix,Cool,0,Blend of sprouting beans; grow in jar,4,0,Indoor sprouting year-round,2,0,0,No
Tomato,Beefsteak Pole,Warm,24,Indeterminate; classic large slicer,80,0.25,Start indoors 6-8 weeks before last frost,7,24,36,No
Tomato,Beefy Purple Bush,Warm,24,Determinate; deep purple beefsteak,75,0.25,Start indoors 6-8 weeks before last frost,7,24,36,No
Broccoli,Belstar,Cool,18,Uniform heads; heat tolerant hybrid,65,0.5,Start indoors or direct sow spring/fall,7,18,24,No
Tomato,Big Brandy Pole,Warm,24,Indeterminate; large pink Brandywine type,80,0.25,Start indoors 6-8 weeks before last frost,7,24,36,No
Pumpkin,Big Max,Warm,72,Giant pumpkin; up to 100 lbs; bright orange,120,1,After last frost,7,72,96,No
Mache,Big Seeded,Cool,4,Corn salad; nutty mild flavor; cold hardy,50,0.25,Early spring or fall,10,4,6,No
Eggplant,Black Beauty,Warm,24,Classic large purple-black fruit,80,0.25,Start indoors 8-10 weeks before last frost,10,24,30,No
Squash (Summer),Black Beauty,Warm,36,Classic dark green zucchini,50,1,After last frost,7,36,48,No
Pumpkin,Black Kat,Warm,48,Small dark green-black decorative pumpkin,100,1,After last frost,7,48,72,No
Tomato,Black Krim Pole,Warm,24,Indeterminate; dark mahogany heirloom; rich flavor,80,0.25,Start indoors 6-8 weeks before last frost,7,24,36,No
Lettuce,Black Seeded Simpson Leaf,Cool,6,Heirloom leaf lettuce; light green; fast,45,0.125,Early spring or fall,7,1,12,6 inches
Spinach,Bloomsdale,Cool,4,Savoy-type; thick dark leaves; cold hardy,45,0.5,Early spring or fall,7,1,12,4 inches
Garlic,Blossom Hardneck,Cool,6,USDA Organic; hardneck; strong flavor,240,2,Fall planting,14,6,12,No
Bean (Bush),Blue Lake 274,Warm,4,Classic snap bean; heavy yielder,55,1.5,After last frost,7,4,24,No
Bean (Pole),Blue Lake FM-1K,Warm,6,Vigorous climber; stringless; heavy producer,65,1.5,After last frost,7,6,36,No
Bok Choy,Choko,Cool,8,Full-sized bok choy; white stems; dark leaves,45,0.25,Early spring or fall,5,8,18,No
Tomato,Brandywine Red & Yellow Blend Pole,Warm,24,Indeterminate; mix of red and yellow Brandywine,80,0.25,Start indoors 6-8 weeks before last frost,7,24,36,No
Lettuce,Brentwood Leaf,Cool,6,Buttery oak leaf type; slow to bolt,50,0.125,Early spring or fall,7,1,12,6 inches
Sprouts,Broccoli,Cool,0,Sulforaphane-rich sprouts; grow in jar,5,0,Indoor sprouting year-round,2,0,0,No
Beet,Bull's Blood,Cool,4,Deep red leaves; great for baby greens too,55,0.5,Early spring or fall,7,1,12,4 inches
Broccoli,Burgundy,Cool,18,Purple heads turn green when cooked,75,0.5,Start indoors or direct sow spring/fall,7,18,24,No
Lettuce,Buttercrunch Butterhead,Cool,8,Compact butterhead; creamy center; heat tolerant,55,0.125,Early spring or fall,7,1,12,8 inches
Corn (Sweet),Buttergold,Warm,10,Yellow sweet corn; early maturing,73,1.5,After last frost,7,10,30,No
Pepper (Sweet),California Wonder,Warm,18,Classic large green-to-red bell pepper,75,0.25,Start indoors 8 weeks before last frost,14,18,24,No
Pepper (Sweet),Candy Cane Chocolate Cherry,Warm,18,Striped mini sweet pepper; matures chocolate,60,0.25,Start indoors 8 weeks before last frost,14,18,24,No
Cabbage,Caraflex,Cool,18,Pointed conical head; tender and sweet,68,0.5,Start indoors or direct sow spring/fall,7,18,24,No
Carrot,Carnival Blend,Cool,2,Mix of colorful carrot varieties,75,0.25,Early spring or fall,14,1,12,2 inches
Pea (Snap),Cascadia,Cool,3,Stringless snap pea; disease resistant,60,1,Early spring as soon as soil can be worked,10,3,24,No
Pumpkin,Casperita,Warm,36,Mini white pumpkin; great for decorating,77,1,After last frost,7,36,72,No
Pepper (Chile),Cayenne Blend,Warm,18,Mix of cayenne types; hot and colorful,75,0.25,Start indoors 8 weeks before last frost,14,18,24,No
Swiss Chard,Celebration,Cool,6,Multicolor rainbow stems; ornamental and edible,55,0.5,Early spring or fall,7,2,18,6 inches
Melon,Charentais Cantaloupe,Warm,36,French heirloom; intensely fragrant and sweet,80,0.5,After last frost,7,36,72,No
Watermelon,Charleston Gray,Warm,60,Large oblong; classic picnic watermelon,85,1,After last frost,7,60,72,No
Lettuce,Chef's Choice Mesclun,Cool,2,Gourmet lettuce blend for salads,28,0.125,Early spring or fall,7,2,12,No
Lettuce,Chef's Medley Mesclun,Cool,2,Diverse lettuce medley; cut and come again,28,0.125,Early spring or fall,7,2,12,No
Tomato,Cherokee Carbon Pole,Warm,24,Indeterminate; dark complex flavor,75,0.25,Start indoors 6-8 weeks before last frost,7,24,36,No
Tomato,Cherokee Purple Pole,Warm,24,Indeterminate; dusky purple heirloom; rich taste,80,0.25,Start indoors 6-8 weeks before last frost,7,24,36,No
Radish,Cherry Belle,Cool,2,Classic round red radish; mild crisp,22,0.5,Early spring or fall,5,1,12,2 inches
Tomato (Cherry),Cherry Falls Bush,Warm,18,Determinate; cascading habit; great for containers,55,0.25,Start indoors 6-8 weeks before last frost,7,18,24,No
Garlic,Chesnok Red Hardneck,Cool,6,USDA Organic; excellent baking garlic,240,2,Fall planting,14,6,12,No
Squash (Summer),Chiffon,Warm,36,Pale green patty pan type; tender,50,1,After last frost,7,36,48,No
Sprouts,China Rose Radish,Cool,0,Spicy radish sprouts; pink stems,5,0,Indoor sprouting year-round,2,0,0,No
Broccoli,Chinese Broccoli / Kailaan,Cool,8,Asian green; thick stems; mild flavor,45,0.5,Early spring or fall,7,8,18,No
Beet,Chioggia,Cool,4,Italian heirloom; red and white striped interior,55,0.5,Early spring or fall,7,1,12,4 inches
Tomato (Cherry),Chocolate Cherry Pole,Warm,24,Indeterminate; dark cherry; rich sweet flavor,70,0.25,Start indoors 6-8 weeks before last frost,7,24,36,No
Tomato (Cherry),Chocolate Sprinkles Pole,Warm,24,Indeterminate; dark red striped cherry,70,0.25,Start indoors 6-8 weeks before last frost,7,24,36,No
Microgreens,Ciao Bella Basil Blend,Warm,1,Basil microgreens blend; aromatic,12,0.125,Indoor sowing year-round,5,1,4,No
Microgreens,Cilantro,Cool,1,Cilantro microgreens; bright citrusy flavor,14,0.25,Indoor sowing year-round,7,1,4,No
Pumpkin,Cinderella,Warm,72,Flat bright orange; fairy tale shape,100,1,After last frost,7,72,96,No
Potato,Clancy,Warm,12,White-skinned; round tubers; good storage,90,4,Early spring after last hard frost,14,12,30,No
Okra,Clemson Spineless 80,Warm,12,Classic Southern favorite; spineless pods,55,1,After last frost,10,12,36,No
Cover Crop,Common Buckwheat,Cool,2,Fast growing; attracts pollinators,30,0.5,Spring through late summer,5,2,6,No
Sorrel,Common,Cool,8,Tangy lemon flavored perennial green,60,0.25,Early spring,7,8,18,No
Bean (Bush),Contender,Warm,4,Early heavy producer; stringless; cold tolerant,50,1.5,After last frost,7,4,24,No
Cabbage,Copenhagen Market,Cool,18,Round heads; early maturing heirloom,72,0.5,Start indoors or direct sow spring/fall,7,18,24,No
Carrot,Cosmic Purple,Cool,2,Purple exterior; orange interior; sweet,70,0.25,Early spring or fall,14,1,12,2 inches
Squash (Summer),Costata Romanesco,Warm,36,Italian heirloom; ribbed; nutty flavor,55,1,After last frost,7,36,48,No
Tomato,Costoluto Genovese Pole,Warm,24,Indeterminate; deeply ribbed Italian heirloom,80,0.25,Start indoors 6-8 weeks before last frost,7,24,36,No
Watermelon,Cream of Saskatchewan,Warm,60,Small icebox; cream-colored flesh; sweet,80,1,After last frost,7,60,72,No
Tomato,Cream Sausage Bush,Warm,24,Determinate; cream-yellow paste type,75,0.25,Start indoors 6-8 weeks before last frost,7,24,36,No
Cover Crop,Crimson Clover,Cool,2,Nitrogen fixer; beautiful red blooms,0,0.25,Fall or early spring,7,2,6,No
Radish,Crimson Giant,Cool,3,Large round red; stays crisp when big,28,0.5,Early spring or fall,5,1,12,3 inches
Watermelon,Crimson Sweet,Warm,60,Classic striped; sweet red flesh,85,1,After last frost,7,60,72,No
Carrot,Danvers 126,Cool,2,Classic heirloom; adaptable to heavy soil,75,0.25,Early spring or fall,14,1,12,2 inches
Kale,Dazzling Blue,Cool,18,Lacinato type with purple stems; blue-green leaves,55,0.5,Early spring or fall,7,18,24,No
Beet,Detroit Dark Red,Cool,4,Classic smooth round dark red beet,55,0.5,Early spring or fall,7,1,12,4 inches
Broccoli,Di Cicco,Cool,18,Italian heirloom; many side shoots after main head,50,0.5,Start indoors or direct sow spring/fall,7,18,24,No
Squash (Summer),Dirani,Warm,36,Middle Eastern cousa type; harvest small,50,1,After last frost,7,36,48,No
Kale,Dwarf Blue Curled,Cool,18,Compact curly kale; cold hardy,55,0.5,Early spring or fall,7,18,24,No
Pepper (Chile),Early Jalapeño,Warm,18,Early maturing jalapeño; medium heat,65,0.25,Start indoors 8 weeks before last frost,14,18,24,No
Squash (Summer),Early Prolific Straightneck,Warm,36,Yellow straightneck; very productive,50,1,After last frost,7,36,48,No
Microgreens,Early Wonder Beet,Cool,1,Deep red beet microgreens; earthy flavor,10,0.25,Indoor sowing year-round,5,1,4,No
Beet,Early Wonder,Cool,4,Quick maturing; great greens and roots,50,0.5,Early spring or fall,7,1,12,4 inches
Radish,Easter Egg Blend,Cool,2,Mix of colorful round radishes,28,0.5,Early spring or fall,5,1,12,2 inches
Amaranth,Edible Red Leaf,Warm,12,Ornamental and edible; red-purple leaves,50,0.125,After last frost,7,12,18,No
Garlic,Elephant Hardneck,Cool,8,USDA Organic; very large cloves; mild flavor,240,2,Fall planting,14,8,12,No
Squash (Summer),Emerald Delight,Warm,36,Dark green zucchini; compact plant,50,1,After last frost,7,36,48,No
Lettuce,Ezrilla Leaf,Cool,6,Red-tinged loose leaf; bolt resistant,50,0.125,Early spring or fall,7,1,12,6 inches
Lettuce,Farmer's Market Blend Mesclun,Cool,2,Diverse mesclun mix for market gardens,28,0.125,Early spring or fall,7,2,12,No
Cover Crop,Fava Bean,Cool,6,Nitrogen fixer; edible beans and tops,0,1.5,Fall or early spring,10,6,18,No
Sprouts,Fenugreek,Cool,0,Slightly sweet and nutty sprouts,5,0,Indoor sprouting year-round,2,0,0,No
Bean (Bush),Ferrari,Warm,4,Slim dark green filet bean; tender,55,1.5,After last frost,7,4,24,No
Swiss Chard,Five Color Silverbeet,Cool,6,Mix of five stem colors; heirloom,55,0.5,Early spring or fall,7,2,18,6 inches
Onion (Bulb),Flat of Italy Cipollini,Warm,4,Flat Italian cipollini; sweet for caramelizing,110,0.25,Start indoors 8-10 weeks before last frost,10,4,12,No
Mustard,Florida Broadleaf,Cool,8,Large flat leaves; mild mustard flavor,45,0.5,Early spring or fall,5,8,18,No
Swiss Chard,Fordhook Giant,Cool,8,Large thick white stems; dark green leaves,55,0.5,Early spring or fall,7,2,18,8 inches
Tomato,Fortamino Rootstock,Warm,24,Rootstock variety for grafting; vigorous roots,0,0.25,Start indoors 6-8 weeks before last frost,7,24,36,No
Radish,French Breakfast,Cool,2,Oblong red and white; mild crisp,25,0.5,Early spring or fall,5,1,12,2 inches
Bean (Bush),French Filet,Warm,4,Slender gourmet haricots verts,55,1.5,After last frost,7,4,24,No
Mustard,Gai Choy,Cool,8,Asian mustard; pungent flavor; thick stems,45,0.5,Early spring or fall,5,8,18,No
Pumpkin,Galeux d'Eysines,Warm,72,Warty salmon-pink French heirloom; sweet,100,1,After last frost,7,72,96,No
Sprouts,Garbanzo Bean,Cool,0,Chickpea sprouts; nutty and crunchy,5,0,Indoor sprouting year-round,2,0,0,No
Tomato (Cherry),Gardener's Delight Pole,Warm,24,Indeterminate; sweet red cherry; prolific,65,0.25,Start indoors 6-8 weeks before last frost,7,24,36,No
Squash (Summer),Gelber Englischer Patty Pan,Warm,36,Yellow scallop/patty pan; German heirloom,55,1,After last frost,7,36,48,No
Collards,Georgia Southern,Cool,18,Classic Southern heirloom; large blue-green leaves,75,0.5,Early spring or late summer,7,18,36,No
Garlic,German White Stiffneck Hardneck,Cool,6,USDA Organic; porcelain type; robust flavor,240,2,Fall planting,14,6,12,No
Pepper (Chile),Ghost Bhut Jolokia,Warm,24,Extremely hot; one of the world's hottest,120,0.25,Start indoors 10-12 weeks before last frost,21,24,36,No
Tomato,Glacier Bush,Warm,24,Determinate; very early; cold tolerant,55,0.25,Start indoors 6-8 weeks before last frost,7,24,36,No
Onion (Bulb),Gladstone,Warm,4,White globe; sweet mild flavor; good storage,105,0.25,Start indoors 8-10 weeks before last frost,10,4,12,No
Corn (Flint),Glass Gem,Warm,10,Stunning multicolored translucent kernels; ornamental,110,1.5,After last frost,7,10,30,No
Bean (Bush),Gold Rush,Warm,4,Bright yellow wax bean; tender and stringless,55,1.5,After last frost,7,4,24,No
Beet,Golden Boy,Cool,4,Bright golden interior; doesn't bleed,55,0.5,Early spring or fall,7,1,12,4 inches
Pepper (Sweet),Golden Cal Wonder,Warm,18,Golden yellow bell pepper; sweet,75,0.25,Start indoors 8 weeks before last frost,14,18,24,No
Tomato,Golden Jubilee Pole,Warm,24,Indeterminate; golden-yellow; low acid; mild,80,0.25,Start indoors 6-8 weeks before last frost,7,24,36,No
Lettuce,Gourmet Baby Greens Mesclun,Cool,2,Mix of baby lettuces for salads,28,0.125,Early spring or fall,7,2,12,No
Beet,Gourmet Blend,Cool,4,Mix of beet varieties; colorful,55,0.5,Early spring or fall,7,1,12,4 inches
Tomatillo,Grande Rio Verde,Warm,24,Large green fruit; great for salsa verde,75,0.25,Start indoors 6-8 weeks before last frost,7,24,36,No
Lettuce,Great Lakes 118 Crisphead,Cool,12,Iceberg type; crisp tight heads,85,0.125,Early spring or fall,7,1,18,12 inches
Pea (Shelling),Green Arrow,Cool,3,High yielding; double pods; sweet,68,1,Early spring as soon as soil can be worked,10,3,24,No
Artichoke,Green Globe Improved,Cool,48,Perennial in mild climates; large globe buds,180,0.25,Start indoors 8-10 weeks before last frost,14,48,72,No
Tomato,Green Zebra Pole,Warm,24,Indeterminate; green striped; tangy sweet,78,0.25,Start indoors 6-8 weeks before last frost,7,24,36,No
Pepper (Chile),Habanero,Warm,18,Very hot; fruity intense flavor; lantern shape,95,0.25,Start indoors 8-10 weeks before last frost,14,18,24,No
Cover Crop,Hairy Vetch,Cool,2,Winter-hardy nitrogen fixer,0,0.5,Late summer or early fall,7,2,6,No
Melon,Hale's Best Jumbo Cantaloupe,Warm,36,Classic muskmelon; thick sweet flesh,85,0.5,After last frost,7,36,72,No
Melon,Hearts of Gold Cantaloupe,Warm,36,Small round; deep orange flesh; very sweet,80,0.5,After last frost,7,36,72,No
Cucumber,Hokus Gherkin,Warm,12,Small pickling gherkin; very productive,55,0.5,After last frost,7,12,48,No
Cucumber,Homemade Pickles,Warm,12,Ideal for pickling; prolific,55,0.5,After last frost,7,12,48,No
Corn (Sweet),Honey and Cream,Warm,10,Bicolor; sweet tender ears,78,1.5,After last frost,7,10,30,No
Squash (Winter),Honey Boat Delicata,Warm,36,Sweet delicata; edible skin; compact vines,100,1,After last frost,7,36,72,No
Squash (Winter),Honeynut,Warm,36,Mini butternut; extra sweet; rich flavor,100,1,After last frost,7,36,72,No
Pumpkin,Howden,Warm,72,Classic jack-o-lantern; sturdy handle,115,1,After last frost,7,72,96,No
Lettuce,Ice Queen (Reine des Glaces) Crisphead,Cool,10,Lacy serrated leaves; heat tolerant,55,0.125,Early spring or fall,7,1,12,10 inches
Garlic,Inchelium Red Softneck,Cool,6,USDA Organic; softneck; mild rich flavor,240,2,Fall planting,14,6,12,No
Tomato (Cherry),Indigo Rose Pole,Warm,24,Indeterminate; dark purple-blue skin; antioxidant rich,75,0.25,Start indoors 6-8 weeks before last frost,7,24,36,No
Pea (Shelling),Iona Petite,Cool,3,Small sweet peas; compact vines,60,1,Early spring as soon as soil can be worked,10,3,24,No
Microgreens,Italian Amaro Blend,Cool,1,Bitter Italian greens mix microgreens,12,0.125,Indoor sowing year-round,5,1,4,No
Onion (Bunching/Scallion),Italian Red of Florence,Warm,4,Long red bunching onion; mild sweet,65,0.25,Early spring,10,4,12,No
Tomato,Italian Roma Bush,Warm,24,Determinate; classic paste tomato; meaty,75,0.25,Start indoors 6-8 weeks before last frost,7,24,36,No
Pumpkin,Jack Be Little,Warm,36,Miniature orange; edible and decorative,95,1,After last frost,7,36,72,No
Pumpkin,Jack O'Lantern,Warm,72,Classic carving pumpkin; medium size,100,1,After last frost,7,72,96,No
Bean (Bush),Jade,Warm,4,Dark green; straight pods; heat tolerant,55,1.5,After last frost,7,4,24,No
Pumpkin,Jarrahdale,Warm,72,Blue-grey Australian heirloom; sweet flesh,100,1,After last frost,7,72,96,No
Parsnip,Javelin,Cool,4,Smooth long roots; sweet after frost,120,0.5,Early spring direct sow,14,1,18,4 inches
Microgreens,Jazzy Mix,Cool,1,Colorful microgreens blend; mild flavor,10,0.125,Indoor sowing year-round,5,1,4,No
Eggplant,Jewel Amethyst,Warm,24,Small purple-pink fruit; tender and sweet,65,0.25,Start indoors 8-10 weeks before last frost,10,24,30,No
Pepper (Sweet),Jimmy Nardello,Warm,18,Long Italian frying pepper; sweet when red,80,0.25,Start indoors 8 weeks before last frost,14,18,24,No
Bean (Pole),Kentucky Wonder,Warm,6,Classic heirloom; great flavor; heavy producer,65,1.5,After last frost,7,6,36,No
Leek,King Richard,Cool,6,Long white shanks; mild onion flavor,75,0.25,Start indoors 8-10 weeks before last frost,10,6,12,No
Squash (Winter),Kurinishiki Kabocha,Warm,36,Japanese winter squash; sweet dense flesh,95,1,After last frost,7,36,72,No
Kale,Lacinato Dinosaur,Cool,18,Italian heirloom; dark blue-green strap leaves,60,0.5,Early spring or fall,7,18,24,No
Cover Crop,Lacy Phacelia,Cool,4,Great pollinator plant; loosens soil,0,0.25,Spring or fall,7,4,12,No
Squash (Winter),Lakota,Warm,48,Striking red-orange pear shape; Native American heirloom,100,1,After last frost,7,48,72,No
Spinach,Lavewa,Cool,4,Semi-savoy; dark green; bolt resistant,40,0.5,Early spring or fall,7,1,12,4 inches
Cucumber,Lemon,Warm,18,Round yellow fruit; mild sweet flavor,65,0.5,After last frost,7,18,48,No
Pepper (Chile),Lemon Drop,Warm,18,Bright yellow; citrusy hot flavor,80,0.25,Start indoors 8 weeks before last frost,14,18,24,No
Carrot,Little Finger,Cool,2,Baby Nantes type; sweet and tender,55,0.25,Early spring or fall,14,1,12,2 inches
Lettuce,Little Gem Mini-Romaine,Cool,6,Compact romaine; sweet crispy hearts,55,0.125,Early spring or fall,7,6,12,No
Pea (Shelling),Little Marvel Petite,Cool,3,Compact vines; plump sweet peas,62,1,Early spring as soon as soil can be worked,10,3,24,No
Brussels Sprouts,Long Island Improved,Cool,24,Classic heirloom; compact sprouts,100,0.5,Start indoors or direct sow late spring,7,24,30,No
Eggplant,Long Purple,Warm,24,Slender dark purple fruit; heirloom,80,0.25,Start indoors 8-10 weeks before last frost,10,24,30,No
Gourd,Luffa,Warm,36,Sponge gourd; harvest mature for scrubbing,90,1,Start indoors or after last frost,10,36,72,No
Garlic,Majestic Hardneck,Cool,6,USDA Organic; large purple-striped bulbs,240,2,Fall planting,14,6,12,No
Pea (Snow),Mammoth Melting,Cool,3,Tall vines; large flat sweet pods,68,1,Early spring as soon as soil can be worked,10,3,24,No
Radish,Mantanghong Watermelon,Cool,3,White exterior; bright pink interior; sweet,55,0.5,Early spring or fall,5,1,12,3 inches
Baby Greens,Market Day Lettuce Mesclun,Cool,2,Baby lettuce blend for salads,25,0.125,Early spring or fall,7,2,12,No
Cucumber,Marketmore,Warm,18,Dark green slicing; disease resistant; prolific,65,0.5,After last frost,7,18,48,No
Corn (Sweet),Martian Jewels,Warm,10,Multicolored sweet corn; unique appearance,80,1.5,After last frost,7,10,30,No
Lettuce,Marvel of Four Seasons Butterhead,Cool,10,French heirloom; red-tinged; heat and cold tolerant,55,0.125,Early spring or fall,7,1,12,10 inches
Squash (Winter),Mashed Potatoes Acorn,Warm,36,White acorn; dry fluffy flesh like mashed potatoes,85,1,After last frost,7,36,72,No
Spinach,Matador,Cool,4,Smooth leaf; bolt resistant; dark green,40,0.5,Early spring or fall,7,1,12,4 inches
Squash (Summer),Max's Gold,Warm,36,Golden yellow zucchini; productive,50,1,After last frost,7,36,48,No
Bean (Bush),Maxibel Filet,Warm,4,Extra-long slim French filet bean,55,1.5,After last frost,7,4,24,No
Pepper (Chile),Megatron Jalapeño,Warm,18,Large jalapeño; thick walls; medium heat,70,0.25,Start indoors 8 weeks before last frost,14,18,24,No
Microgreens,Mellow Blend,Cool,1,Mild microgreens blend; great for beginners,10,0.125,Indoor sowing year-round,5,1,4,No
Celery,Merengo,Cool,8,Dark green stalks; aromatic; bolt resistant,85,0.125,Start indoors 10-12 weeks before last frost,14,8,24,No
Microgreens,Mild Mix,Cool,1,Gentle flavored microgreens mix,10,0.125,Indoor sowing year-round,5,1,4,No
Melon,Minnesota Midget Cantaloupe,Warm,24,Compact vines; small sweet melon; early,75,0.5,After last frost,7,24,48,No
Radish,Miyashige White Daikon,Cool,4,Long white Japanese radish; mild,50,0.5,Late summer or fall,5,1,12,4 inches
Mustard,Mizuna,Cool,6,Japanese feathery leaves; mild peppery,40,0.25,Early spring or fall,5,6,12,No
Onion (Bulb),Monastrell,Warm,4,Large red-brown bulb; good storage,110,0.25,Start indoors 8-10 weeks before last frost,10,4,12,No
Tomato,Moneymaker Pole,Warm,24,Indeterminate; reliable medium red slicer,80,0.25,Start indoors 6-8 weeks before last frost,7,24,36,No
Garlic,Montana Zemo Hardneck,Cool,6,USDA Organic; cold-hardy; robust flavor,240,2,Fall planting,14,6,12,No
Tomato,Moskvich Pole,Warm,24,Indeterminate; Russian heirloom; cold tolerant; early,60,0.25,Start indoors 6-8 weeks before last frost,7,24,36,No
Tomato,Mountain Merit Bush,Warm,24,Determinate; disease resistant; large slicer,75,0.25,Start indoors 6-8 weeks before last frost,7,24,36,No
Watermelon,Mountain Sweet Yellow,Warm,60,Oblong; sweet yellow flesh; heirloom,95,1,After last frost,7,60,72,No
Melon,Mouse Melon Cucamelon,Warm,12,Tiny grape-sized; looks like mini watermelon; tangy,65,0.5,After last frost,7,12,36,No
Cucumber,Muncher Persian,Warm,18,Thin-skinned; burpless; sweet,60,0.5,After last frost,7,18,48,No
Sprouts,Mung Bean,Cool,0,Classic bean sprouts; crunchy; mild,4,0,Indoor sprouting year-round,2,0,0,No
Garlic,Music Hardneck,Cool,6,USDA Organic; porcelain hardneck; large cloves,240,2,Fall planting,14,6,12,No
Lettuce,New Red Fire Leaf,Cool,8,Deep red leaf; heat tolerant; bolt resistant,55,0.125,Early spring or fall,7,1,12,8 inches
Spinach,New Zealand,Warm,12,Heat tolerant; not true spinach; sprawling habit,55,0.5,After last frost,14,12,24,No
Pepper (Chile),NuMex Heritage Big Jim Hatch,Warm,18,Large Hatch chile; mild heat; roasting pepper,80,0.25,Start indoors 8 weeks before last frost,14,18,24,No
Pepper (Chile),NuMex Joe E. Parker Anaheim,Warm,18,Anaheim type; mild heat; great for roasting,80,0.25,Start indoors 8 weeks before last frost,14,18,24,No
Pepper (Chile),NuMex Lemon Spice Jalapeño,Warm,18,Yellow jalapeño; citrusy flavor; medium heat,75,0.25,Start indoors 8 weeks before last frost,14,18,24,No
Spinach,Oceanside,Cool,4,Dark green; smooth leaves; bolt resistant,40,0.5,Early spring or fall,7,1,12,4 inches
Endive,Olesh Tres Fine,Cool,10,Finely cut frisée; slightly bitter; elegant,60,0.125,Early spring or fall,7,1,12,10 inches
Cabbage,One Kilo Slow Bolt Napa,Cool,12,Napa/Chinese cabbage; slow to bolt; tender,70,0.5,Late summer or early spring,5,12,18,No
Pepper (Sweet),Orange Sun,Warm,18,Bright orange bell; sweet and fruity,80,0.25,Start indoors 8 weeks before last frost,14,18,24,No
Pea (Snow),Oregon Sugar Pod II,Cool,3,Stringless snow pea; short vines; productive,65,1,Early spring as soon as soil can be worked,10,3,24,No
Bean (Yard Long),Orient Wonder Pole,Warm,6,Long thin pods up to 18 inches; heat loving,80,1.5,After last frost,7,6,36,No
Tomato,Oxheart Pole,Warm,24,Indeterminate; large heart-shaped; meaty,85,0.25,Start indoors 6-8 weeks before last frost,7,24,36,No
Pepper (Chile),Padron,Warm,18,Spanish tapas pepper; mild with occasional hot,60,0.25,Start indoors 8 weeks before last frost,14,18,24,No
Corn (Sweet),Painted Hill,Warm,10,Early multicolored; sweet; adapted to cool climates,75,1.5,After last frost,7,10,30,No
Radicchio,Palla Rossa Mavrik,Cool,10,Red and white Italian chicory; slightly bitter,75,0.25,Mid to late summer,7,1,12,10 inches
Lettuce,Parris Island Cos Romaine,Cool,10,Classic tall romaine; crisp; heat tolerant,70,0.125,Early spring or fall,7,1,12,10 inches
Pepper (Chile),Pasilla Bajio Chilaca,Warm,18,Long dark green drying chile; mild,80,0.25,Start indoors 8 weeks before last frost,14,18,24,No
Tomato (Cherry),Patio Choice Yellow Bush,Warm,18,Determinate; compact; yellow cherry; container friendly,55,0.25,Start indoors 6-8 weeks before last frost,7,18,24,No
Baby Greens,Pea Shoots,Cool,1,Tender pea tendrils and leaves; sweet,20,1,Early spring or indoor sowing,5,1,4,No
Swiss Chard,Perpetual Spinach,Cool,8,Spinach-like chard; smooth leaves; mild flavor,50,0.5,Early spring or fall,7,2,18,8 inches
Tomato,Pineapple Pole,Warm,24,Indeterminate; large bicolor yellow-red; sweet fruity,85,0.25,Start indoors 6-8 weeks before last frost,7,24,36,No
Squash (Winter),Pink Banana,Warm,48,Long banana-shaped; pink skin; sweet,105,1,After last frost,7,48,72,No
Bean (Bush),Pinkeye Purple Hull Cowpea,Warm,4,Southern cowpea; heat and drought tolerant,65,1.5,After last frost,7,4,24,No
Cucumber,Poinsett 76,Warm,18,Dark green slicing; disease resistant,65,0.5,After last frost,7,18,48,No
Tomato,Pork Chop Pole,Warm,24,Indeterminate; yellow beefsteak; meaty and sweet,85,0.25,Start indoors 6-8 weeks before last frost,7,24,36,No
Kale,Premier Blend,Cool,18,Mix of kale varieties; colorful and nutritious,55,0.5,Early spring or fall,7,18,24,No
Pea (Shelling),Progress #9,Cool,3,Compact vines; plump sweet peas; reliable,60,1,Early spring as soon as soil can be worked,10,3,24,No
Bean (Bush),Provider,Warm,4,Very early; reliable in cool conditions,50,1.5,After last frost,7,4,24,No
Eggplant,Pumpkin on a Stick,Warm,24,Ornamental; small orange fruit on thorny stems,75,0.25,Start indoors 8-10 weeks before last frost,10,24,30,No
Pepper (Sweet),Purple Beauty,Warm,18,Deep purple bell; sweet; matures early,75,0.25,Start indoors 8 weeks before last frost,14,18,24,No
Sprouts,Purple Kohlrabi,Cool,0,Purple kohlrabi sprouts; mild brassica flavor,5,0,Indoor sprouting year-round,3,0,0,No
Tomatillo,Purple,Warm,24,Small purple fruit; sweeter than green,75,0.25,Start indoors 6-8 weeks before last frost,7,24,36,No
Turnip,Purple Top White Globe,Cool,4,Classic heirloom; mild white flesh,55,0.5,Early spring or late summer,5,1,12,4 inches
Kohlrabi,Purple Vienna,Cool,6,Purple skin; crisp white interior; mild sweet,55,0.5,Early spring or fall,7,2,18,6 inches
Cucumber,Quick Snack,Warm,12,Snack-sized; thin-skinned; sweet; container friendly,45,0.5,After last frost,7,12,48,No
Tomato (Cherry),Rainbow Blend Pole,Warm,24,Indeterminate; mix of colorful cherry tomatoes,70,0.25,Start indoors 6-8 weeks before last frost,7,24,36,No
Broccoli,Rapini Broccoli Raab,Cool,6,Italian broccoli rabe; slightly bitter; quick,40,0.5,Early spring or fall,5,6,18,No
Radish,Rat's Tail,Warm,6,Grown for edible seed pods; not roots,50,0.5,After last frost,5,6,12,No
Tomato (Cherry),Red & Yellow Pear Blend Pole,Warm,24,Indeterminate; pear-shaped cherry blend,75,0.25,Start indoors 6-8 weeks before last frost,7,24,36,No
Cabbage,Red Acre,Cool,18,Compact red-purple heads; heirloom,75,0.5,Start indoors or direct sow spring/fall,7,18,24,No
Onion (Bulb),Red Amposta,Warm,4,Large red bulb; mild sweet; good storage,110,0.25,Start indoors 8-10 weeks before last frost,10,4,12,No
Pepper (Chile),Red and Yellow Biquinho Blend,Warm,18,Tiny teardrop-shaped; mild sweet heat,80,0.25,Start indoors 8-10 weeks before last frost,14,18,24,No
Strawberry,Red and Yellow Wonder Blend,Cool,12,Alpine strawberry; everbearing; small sweet fruit,90,0.125,Start indoors 10-12 weeks before last frost,21,12,18,No
Okra,Red Burgundy,Warm,12,Stunning red pods; productive; ornamental,55,1,After last frost,10,12,36,No
Sprouts,Red Clover,Cool,0,Mild sweet sprouts; nutritious,5,0,Indoor sprouting year-round,2,0,0,No
Carrot,Red Cored Chantenay,Cool,2,Short stout; deep orange core; good in heavy soil,70,0.25,Early spring or fall,14,1,12,2 inches
Mustard,Red Giant,Cool,8,Large burgundy-red leaves; spicy flavor,45,0.5,Early spring or fall,5,8,18,No
Squash (Winter),Red Kuri,Warm,48,Teardrop shape; bright red-orange; chestnut flavor,95,1,After last frost,7,48,72,No
Tomato,Red Pride Bush,Warm,24,Determinate; medium red slicer; disease resistant,72,0.25,Start indoors 6-8 weeks before last frost,7,24,36,No
Baby Greens,Red Russian Kale,Cool,2,Tender baby kale leaves; mild and sweet,25,0.25,Early spring or fall,5,2,12,No
Kale,Red Russian,Cool,18,Flat grey-green leaves with purple veins; tender,50,0.5,Early spring or fall,7,18,24,No
Lettuce,Red Sails Leaf,Cool,8,Bronze-red leaf; slow to bolt; tender,45,0.125,Early spring or fall,7,1,12,8 inches
Pumpkin,Red Warty Thing,Warm,72,Bright red warty skin; unique decoration,110,1,After last frost,7,72,96,No
Kale,Redbor,Cool,18,Deep purple-red curly kale; ornamental and edible,55,0.5,Early spring or fall,7,18,24,No
Beet,Robin,Cool,4,Baby beet; sweet tender; uniform,50,0.5,Early spring or fall,7,1,12,4 inches
Corn (Popcorn),Robust Pop R400MR,Warm,10,High-popping yellow popcorn; disease resistant,100,1.5,After last frost,7,10,30,No
Arugula,Rocky Wild Rocket,Cool,6,Perennial wild type; deeply lobed; intense flavor,50,0.25,Early spring or fall,7,1,12,6 inches
Cauliflower,Romanesco,Cool,24,Fractal lime green heads; nutty flavor,80,0.5,Start indoors or direct sow spring/fall,7,24,24,No
Fennel,Romanesco,Cool,8,Bulb fennel; anise flavor; Italian heirloom,80,0.25,Direct sow late summer,10,8,18,No
Bok Choy,Rosette Tatsoi,Cool,6,Rosette forming; dark spoon-shaped leaves; mild,45,0.25,Early spring or fall,5,6,12,No
Lettuce,Rouge d'Hiver Romaine,Cool,10,French heirloom; red-bronze romaine; cold hardy,60,0.125,Early spring or fall,7,1,12,10 inches
Radish,Round Black Spanish,Cool,4,Large black-skinned storage radish; pungent,55,0.5,Late summer,5,1,12,4 inches
Squash (Summer),Round Zucchini,Warm,36,Globe-shaped zucchini; great for stuffing,45,1,After last frost,7,36,48,No
Bean (Bush),Royal Burgundy,Warm,4,Purple pods turn green when cooked; cold tolerant,55,1.5,After last frost,7,4,24,No
Swiss Chard,Ruby Red/Rhubarb,Cool,8,Deep red stems and veins; classic variety,55,0.5,Early spring or fall,7,2,18,8 inches
Lettuce,Salad Bowl Blend Leaf,Cool,6,Mix of green and red oak leaf types,45,0.125,Early spring or fall,7,1,12,6 inches
Sprouts,Salad Mix,Cool,0,Blend of salad sprout varieties,5,0,Indoor sprouting year-round,2,0,0,No
Tomato,San Marzano Roma Pole,Warm,24,Indeterminate; classic Italian paste; meaty,80,0.25,Start indoors 6-8 weeks before last frost,7,24,36,No
Sprouts,Sandwich Mix,Cool,0,Sprout blend for sandwiches; crunchy,5,0,Indoor sprouting year-round,2,0,0,No
Pepper (Chile),Santaka,Warm,18,Japanese hot chile; upright clusters; very hot,90,0.25,Start indoors 8 weeks before last frost,14,18,24,No
Squash (Summer),Scallop Blend Patty Pan,Warm,36,Mix of scallop squash colors,55,1,After last frost,7,36,48,No
Carrot,Scarlet Nantes,Cool,2,Classic Nantes type; sweet; nearly coreless,70,0.25,Early spring or fall,14,1,12,2 inches
Pepper (Chile),Scotch Bonnet,Warm,24,Very hot Caribbean pepper; fruity flavor,95,0.25,Start indoors 8-10 weeks before last frost,14,24,36,No
Pepper (Chile),Serrano,Warm,18,Hot; commonly used in fresh salsas,80,0.25,Start indoors 8 weeks before last frost,14,18,24,No
Bean (Pole),Seychelles,Warm,6,Flat Romano type; excellent flavor; productive,60,1.5,After last frost,7,6,36,No
Garlic,Shandong Hardneck,Cool,6,USDA Organic; Asiatic type; early harvest,240,2,Fall planting,14,6,12,No
Carrot,Shin Kuroda,Cool,2,Japanese stump-rooted; sweet; adaptable,70,0.25,Early spring or fall,14,1,12,2 inches
Pepper (Chile),Shishito,Warm,18,Mild Japanese; great for blistering in a pan,60,0.25,Start indoors 8 weeks before last frost,14,18,24,No
Garlic,Sicilian Artichoke Softneck,Cool,6,USDA Organic; artichoke type; many cloves,240,2,Fall planting,14,6,12,No
Garlic,Silver White Softneck,Cool,6,USDA Organic; braiding type; mild flavor,240,2,Fall planting,14,6,12,No
Brussels Sprouts,Silvia,Cool,24,Uniform round sprouts; mild flavor; hybrid,110,0.5,Start indoors or direct sow late spring,7,24,30,No
Baby Greens,Smoothie Mix,Cool,2,Mild greens blend; perfect for smoothies,25,0.125,Early spring or fall,7,2,12,No
Baby Greens,Snappy Fresh Mesclun,Cool,2,Crisp fresh mesclun blend,25,0.125,Early spring or fall,7,2,12,No
Cauliflower,Snowball Y,Cool,24,Classic white cauliflower; self-blanching,68,0.5,Start indoors or direct sow spring/fall,7,24,24,No
Cover Crop,Soil Builder Peas and Oats,Cool,2,Mix of peas and oats; builds soil structure,0,1,Fall or early spring,7,2,6,No
Spinach,Space,Cool,4,Smooth leaf; upright habit; slow to bolt,40,0.5,Early spring or fall,7,1,12,4 inches
Cucumber,Spacemaster 80,Warm,18,Compact bush type; ideal for containers,60,0.5,After last frost,7,18,36,No
Gourd,Speckled Swan Hard-shelled,Warm,48,Long curved neck; speckled; ornamental,120,1,Start indoors or after last frost,10,48,72,No
Baby Greens,Spinach,Cool,2,Baby spinach; tender and mild,25,0.5,Early spring or fall,7,2,12,No
Corn (Popcorn),Strawberry,Warm,10,Small ruby-red ears; ornamental and edible,100,1.5,After last frost,7,10,30,No
Watermelon,Sugar Baby,Warm,48,Icebox type; small round; sweet dark red flesh,80,1,After last frost,7,48,72,No
Pea (Snap),Sugar Daddy,Cool,3,Stringless snap pea; compact vines,68,1,Early spring as soon as soil can be worked,10,3,24,No
Pea (Snap),Sugar Magnolia,Cool,3,Purple-podded snap pea; stunning color; sweet,70,1,Early spring as soon as soil can be worked,10,3,24,No
Pumpkin,Sugar Pie,Warm,48,Classic pie pumpkin; sweet smooth flesh,100,1,After last frost,7,48,72,No
Pea (Snap),Sugar Snap,Cool,3,Original snap pea; tall vines; sweet crisp,65,1,Early spring as soon as soil can be worked,10,3,24,No
Tomato (Cherry),Sun Gold Pole,Warm,24,Indeterminate; golden-orange; exceptionally sweet,57,0.25,Start indoors 6-8 weeks before last frost,7,24,36,No
Microgreens,Sunflower,Warm,1,Crunchy nutty sunflower microgreens,10,0.5,Indoor sowing year-round,3,1,4,No
Baby Greens,Superfoods,Cool,2,Nutrient-dense greens blend,25,0.125,Early spring or fall,7,2,12,No
Tomato,Supremo Bush Roma,Warm,24,Determinate; compact Roma; great paste tomato,70,0.25,Start indoors 6-8 weeks before last frost,7,24,36,No
Pepper (Sweet),Sweet Banana,Warm,18,Long tapered; sweet; matures yellow to red,72,0.25,Start indoors 8 weeks before last frost,14,18,24,No
Pepper (Sweet),Sweet Bell Blend,Warm,18,Mix of colored bell peppers,75,0.25,Start indoors 8 weeks before last frost,14,18,24,No
Melon,Sweet Delight Honeydew,Warm,36,Green-fleshed honeydew; sweet and smooth,80,0.5,After last frost,7,36,72,No
Tomato (Cherry),Sweetie Pole,Warm,24,Indeterminate; sweet red cherry; vigorous,65,0.25,Start indoors 6-8 weeks before last frost,7,24,36,No
Squash (Winter),Table King Acorn,Warm,36,Dark green acorn; compact bush; sweet,80,1,After last frost,7,36,72,No
Cucumber,Tasty Green,Warm,18,Japanese burpless; long smooth; mild flavor,62,0.5,After last frost,7,18,48,No
Bean (Bush),Tavera Filet,Warm,4,Very slim haricots verts; pick young,50,1.5,After last frost,7,4,24,No
Cucumber,Telegraph Improved,Warm,18,Long English greenhouse type; seedless,65,0.5,After last frost or greenhouse,7,18,48,No
Mustard,Tendergreen Spinach,Cool,6,Mild spinach-mustard; smooth leaves,40,0.5,Early spring or fall,5,6,18,No
Carrot,Tendersweet,Cool,3,Long sweet orange; deep taproot,75,0.25,Early spring or fall,14,1,12,3 inches
Onion (Bulb),Texas Early Grano,Warm,4,Short-day; large sweet mild bulbs,120,0.25,Fall sowing in mild climates,10,4,12,No
Pepper (Chile),Thai Hot,Warm,12,Very hot small upright peppers; prolific,80,0.25,Start indoors 8-10 weeks before last frost,14,12,18,No
Onion (Bunching/Scallion),Tokyo Long White,Cool,2,Classic white bunching onion; mild,65,0.25,Early spring through fall,10,2,12,No
Carrot,Tonda di Parigi,Cool,2,Round Parisian market carrot; great for containers,55,0.25,Early spring or fall,14,1,12,2 inches
Collards,Top Bunch 2.0,Cool,18,Compact plant; large dark green leaves,55,0.5,Early spring or late summer,7,18,36,No
Beet,Touchstone Gold,Cool,4,Golden beet; sweet; doesn't bleed; retains color,55,0.5,Early spring or fall,7,1,12,4 inches
Bok Choy,Toy Choy,Cool,4,Miniature baby bok choy; fast growing,30,0.25,Early spring or fall,5,4,12,No
Bean (Bush),Trio,Warm,4,Three-color bean blend; green yellow and purple,55,1.5,After last frost,7,4,24,No
Bean (Pole),Trionfo Violetto,Warm,6,Italian purple pole bean; beautiful and productive,65,1.5,After last frost,7,6,36,No
Squash (Summer),Triumph,Warm,36,Yellow crookneck; classic summer squash,55,1,After last frost,7,36,48,No
Lettuce,Truchas Mini-Romaine,Cool,6,Compact red-tipped romaine; heat tolerant,55,0.125,Early spring or fall,7,6,12,No
Corn (Sweet),True Gold,Warm,10,Open-pollinated golden sweet corn; heirloom,75,1.5,After last frost,7,10,30,No
Turnip,White Lady,Cool,4,Smooth white; sweet and mild; fast maturing,35,0.5,Early spring or fall,5,1,12,4 inches
Cauliflower,Twister,Cool,24,Self-wrapping white heads; easy to grow,65,0.5,Start indoors or direct sow spring/fall,7,24,24,No
Microgreens,Umami Asian Blend,Cool,1,Asian-flavored microgreens blend,10,0.125,Indoor sowing year-round,5,1,4,No
Microgreens,Upland Cress,Cool,1,Peppery cress microgreens; quick growing,10,0.125,Indoor sowing year-round,5,1,4,No
Celery,Utah,Cool,8,Classic tall green celery; crisp; stringless,100,0.125,Start indoors 10-12 weeks before last frost,14,8,24,No
Squash (Winter),Vegetable Spaghetti,Warm,36,Classic spaghetti squash; stringy flesh; mild,90,1,After last frost,7,36,72,No
Lettuce,Vivian Romaine,Cool,10,Dark green romaine; uniform upright heads,60,0.125,Early spring or fall,7,1,12,10 inches
Onion (Bulb),Walla Walla,Warm,4,Famous sweet onion; large mild bulbs,115,0.25,Start indoors 8-10 weeks before last frost,10,4,12,No
Broccoli,Waltham 29,Cool,18,Cold tolerant; good side shoot production,74,0.5,Start indoors or direct sow spring/fall,7,18,24,No
Squash (Winter),Waltham Butternut,Warm,36,Classic butternut; tan skin; sweet orange flesh,100,1,After last frost,7,36,72,No
Pea (Shelling),Wando,Cool,3,Heat tolerant shelling pea; reliable,68,1,Early spring as soon as soil can be worked,10,3,24,No
Wheatgrass,Wheatgrass Juice,Cool,0,Grow indoors for juicing; nutrient dense,10,0.25,Indoor sowing year-round,3,0,0,No
Onion (Bunching/Scallion),White Lisbon,Cool,2,Classic white scallion; mild,60,0.25,Early spring through fall,10,2,12,No
Bean (Fava),Windsor,Cool,6,Large broad bean; cold hardy; nutty flavor,75,2,Early spring or fall in mild climates,10,6,24,No
Onion (Bulb),Yellow Granex PRR,Warm,4,Vidalia type; flat sweet; short day,105,0.25,Fall sowing in mild climates,10,4,12,No
Onion (Bulb),Yellow Sweet Spanish Utah,Warm,4,Large globe; mild and sweet; long day,110,0.25,Start indoors 8-10 weeks before last frost,10,4,12,No
Onion (Shallot),Zebrune,Cool,6,French heirloom banana shallot; elongated; rich flavor,100,0.25,Early spring,10,6,12,No
